{"cameraMode":{"drawMode":0,"name":"Shaded","section":"Shading Mode"},"sceneLighting":true,"audioPlay":false,"sceneViewState":{"m_AlwaysRefresh":false,"showFog":true,"showSkybox":true,"showFlares":true,"showImageEffects":true,"showParticleSystems":true,"showVisualEffectGraphs":true,"m_FxEnabled":true},"in2DMode":false,"pivot":{"x":-6.1471405029296879,"y":11.093436241149903,"z":-13.352980613708496},"rotation":{"x":0.3684934973716736,"y":0.006971945520490408,"z":-0.0027637765742838384,"w":0.9296014308929443},"size":15.403738975524903,"orthographic":false}